user_id,place_id,name,rating
198,7,Sendang Ngajaran,4.5
7,7,Sendang Ngajaran,4.5
16,7,Sendang Ngajaran,4.5
170,7,Sendang Ngajaran,4.5
146,7,Sendang Ngajaran,4.5
14,40,Taman Puspa Gading Tegaldowo Bantul Yogyakarta,4.4
115,40,Taman Puspa Gading Tegaldowo Bantul Yogyakarta,4.4
106,40,Taman Puspa Gading Tegaldowo Bantul Yogyakarta,4.4
66,40,Taman Puspa Gading Tegaldowo Bantul Yogyakarta,4.4
1,40,Taman Puspa Gading Tegaldowo Bantul Yogyakarta,4.4
41,12,Laguna View Depok,4.5
9,12,Laguna View Depok,4.5
85,12,Laguna View Depok,4.5
44,12,Laguna View Depok,4.5
167,12,Laguna View Depok,4.5
179,23,Gunung Gamping,4.4
2,23,Gunung Gamping,4.4
66,23,Gunung Gamping,4.4
62,23,Gunung Gamping,4.4
86,23,Gunung Gamping,4.4
72,33,Bukit Pandawa,4
184,33,Bukit Pandawa,4
144,33,Bukit Pandawa,4
126,33,Bukit Pandawa,4
180,33,Bukit Pandawa,4
66,31,Sendang Kasihan,4.5
36,31,Sendang Kasihan,4.5
18,31,Sendang Kasihan,4.5
70,31,Sendang Kasihan,4.5
21,31,Sendang Kasihan,4.5
141,48,BALIBO Desa Wisata Gadung Melati,4.7
179,48,BALIBO Desa Wisata Gadung Melati,4.7
67,48,BALIBO Desa Wisata Gadung Melati,4.7
197,48,BALIBO Desa Wisata Gadung Melati,4.7
188,48,BALIBO Desa Wisata Gadung Melati,4.7
44,32,Sendang Arum Bogem,4.3
124,32,Sendang Arum Bogem,4.3
73,32,Sendang Arum Bogem,4.3
126,32,Sendang Arum Bogem,4.3
102,32,Sendang Arum Bogem,4.3
20,42,DUSUN POYAHAN (ꦥꦺꦴꦪꦃꦲꦤ꧀) SELOHARJO PUNDONG BANTUL,4.6
62,42,DUSUN POYAHAN (ꦥꦺꦴꦪꦃꦲꦤ꧀) SELOHARJO PUNDONG BANTUL,4.6
67,42,DUSUN POYAHAN (ꦥꦺꦴꦪꦃꦲꦤ꧀) SELOHARJO PUNDONG BANTUL,4.6
1,42,DUSUN POYAHAN (ꦥꦺꦴꦪꦃꦲꦤ꧀) SELOHARJO PUNDONG BANTUL,4.6
47,42,DUSUN POYAHAN (ꦥꦺꦴꦪꦃꦲꦤ꧀) SELOHARJO PUNDONG BANTUL,4.6
32,36,EMBUNG JULANTORO PANGGUNGHARJO,4.3
132,36,EMBUNG JULANTORO PANGGUNGHARJO,4.3
43,36,EMBUNG JULANTORO PANGGUNGHARJO,4.3
52,36,EMBUNG JULANTORO PANGGUNGHARJO,4.3
51,36,EMBUNG JULANTORO PANGGUNGHARJO,4.3
1,25,Kampung Flory Jogja,4.2
20,25,Kampung Flory Jogja,4.2
2,25,Kampung Flory Jogja,4.2
37,25,Kampung Flory Jogja,4.2
11,25,Kampung Flory Jogja,4.2
26,60,Bundaran Srandakan,4.4
123,60,Bundaran Srandakan,4.4
144,60,Bundaran Srandakan,4.4
40,60,Bundaran Srandakan,4.4
172,60,Bundaran Srandakan,4.4
194,47,Lembah Desa Pulutan,4.5
16,47,Lembah Desa Pulutan,4.5
72,47,Lembah Desa Pulutan,4.5
13,47,Lembah Desa Pulutan,4.5
36,47,Lembah Desa Pulutan,4.5
175,51,Taman Pintar Yogyakarta,4.5
39,51,Taman Pintar Yogyakarta,4.5
169,51,Taman Pintar Yogyakarta,4.5
65,51,Taman Pintar Yogyakarta,4.5
140,51,Taman Pintar Yogyakarta,4.5
12,20,Museum Wayang Beber Sekartaji (Sanggar Bhuana Alit),4.7
17,20,Museum Wayang Beber Sekartaji (Sanggar Bhuana Alit),4.7
70,20,Museum Wayang Beber Sekartaji (Sanggar Bhuana Alit),4.7
12,20,Museum Wayang Beber Sekartaji (Sanggar Bhuana Alit),4.7
5,20,Museum Wayang Beber Sekartaji (Sanggar Bhuana Alit),4.7
191,30,MUSEUM BANTUL MASA BELANDA,4.2
89,30,MUSEUM BANTUL MASA BELANDA,4.2
118,30,MUSEUM BANTUL MASA BELANDA,4.2
162,30,MUSEUM BANTUL MASA BELANDA,4.2
154,30,MUSEUM BANTUL MASA BELANDA,4.2
138,11,Jogja National Museum,4.7
138,11,Jogja National Museum,4.7
197,11,Jogja National Museum,4.7
20,11,Jogja National Museum,4.7
106,11,Jogja National Museum,4.7
47,19,Cagar Budaya Ambarketawang,4.6
173,19,Cagar Budaya Ambarketawang,4.6
138,19,Cagar Budaya Ambarketawang,4.6
96,19,Cagar Budaya Ambarketawang,4.6
105,19,Cagar Budaya Ambarketawang,4.6
168,11,Jogja National Museum,4.7
175,11,Jogja National Museum,4.7
176,11,Jogja National Museum,4.7
100,11,Jogja National Museum,4.7
33,11,Jogja National Museum,4.7
93,11,Jogja National Museum,4.7
59,11,Jogja National Museum,4.7
168,11,Jogja National Museum,4.7
123,11,Jogja National Museum,4.7
160,11,Jogja National Museum,4.7
10,49,Rindu Melati Custom Land,5
156,30,MUSEUM BANTUL MASA BELANDA,4.2
183,30,MUSEUM BANTUL MASA BELANDA,4.2
14,30,MUSEUM BANTUL MASA BELANDA,4.2
148,30,MUSEUM BANTUL MASA BELANDA,4.2
173,30,MUSEUM BANTUL MASA BELANDA,4.2
190,26,Museum Gumuk Pasir,4.5
77,26,Museum Gumuk Pasir,4.5
20,26,Museum Gumuk Pasir,4.5
88,26,Museum Gumuk Pasir,4.5
160,26,Museum Gumuk Pasir,4.5
191,34,History Of Java Museum,4.5
89,34,History Of Java Museum,4.5
187,34,History Of Java Museum,4.5
14,34,History Of Java Museum,4.5
37,34,History Of Java Museum,4.5
37,11,Jogja National Museum,4.7
25,11,Jogja National Museum,4.7
77,11,Jogja National Museum,4.7
57,11,Jogja National Museum,4.7
42,11,Jogja National Museum,4.7
82,26,Museum Gumuk Pasir,4.5
171,26,Museum Gumuk Pasir,4.5
160,26,Museum Gumuk Pasir,4.5
42,26,Museum Gumuk Pasir,4.5
119,26,Museum Gumuk Pasir,4.5
2,43,Museum Radio AURI PC 2,4.4
116,43,Museum Radio AURI PC 2,4.4
37,43,Museum Radio AURI PC 2,4.4
72,43,Museum Radio AURI PC 2,4.4
155,43,Museum Radio AURI PC 2,4.4
40,11,Jogja National Museum,4.7
87,11,Jogja National Museum,4.7
149,11,Jogja National Museum,4.7
42,11,Jogja National Museum,4.7
137,11,Jogja National Museum,4.7
183,7,Sendang Ngajaran,4.5
189,7,Sendang Ngajaran,4.5
112,7,Sendang Ngajaran,4.5
112,7,Sendang Ngajaran,4.5
143,7,Sendang Ngajaran,4.5
104,7,Sendang Ngajaran,4.5
81,7,Sendang Ngajaran,4.5
94,7,Sendang Ngajaran,4.5
181,7,Sendang Ngajaran,4.5
151,7,Sendang Ngajaran,4.5
56,27,꧋ꦗꦭꦤ꧀,4
194,57,Tugu Pal Gamping,4.5
59,57,Tugu Pal Gamping,4.5
163,57,Tugu Pal Gamping,4.5
91,57,Tugu Pal Gamping,4.5
35,57,Tugu Pal Gamping,4.5
122,6,Ngejaman Godean,5
29,6,Ngejaman Godean,5
150,6,Ngejaman Godean,5
89,6,Ngejaman Godean,5
88,6,Ngejaman Godean,5
23,56,JOGLO JOSS,5
60,56,JOGLO JOSS,5
140,56,JOGLO JOSS,5
73,56,JOGLO JOSS,5
34,56,JOGLO JOSS,5
31,53,Omah Rombeng,5
114,53,Omah Rombeng,5
144,53,Omah Rombeng,5
146,53,Omah Rombeng,5
24,53,Omah Rombeng,5
133,17,Pendopo Ndalem Triharjo,4
156,41,Rumah Pakde Senit,5
187,52,Panggung Krapyak,4.6
58,52,Panggung Krapyak,4.6
56,52,Panggung Krapyak,4.6
21,52,Panggung Krapyak,4.6
50,52,Panggung Krapyak,4.6
7,17,Pendopo Ndalem Triharjo,4
154,13,Patung Sapi,4.4
147,13,Patung Sapi,4.4
11,13,Patung Sapi,4.4
5,13,Patung Sapi,4.4
96,13,Patung Sapi,4.4
53,35,The World Landmarks - Merapi Park Yogyakarta,4.3
126,35,The World Landmarks - Merapi Park Yogyakarta,4.3
52,35,The World Landmarks - Merapi Park Yogyakarta,4.3
175,35,The World Landmarks - Merapi Park Yogyakarta,4.3
99,35,The World Landmarks - Merapi Park Yogyakarta,4.3
95,7,Sendang Ngajaran,4.5
58,7,Sendang Ngajaran,4.5
39,7,Sendang Ngajaran,4.5
119,7,Sendang Ngajaran,4.5
55,7,Sendang Ngajaran,4.5
4,7,Sendang Ngajaran,4.5
182,7,Sendang Ngajaran,4.5
6,7,Sendang Ngajaran,4.5
196,7,Sendang Ngajaran,4.5
143,7,Sendang Ngajaran,4.5
82,2,Tugu Jogja,4.8
167,2,Tugu Jogja,4.8
175,2,Tugu Jogja,4.8
48,2,Tugu Jogja,4.8
121,2,Tugu Jogja,4.8
26,57,Tugu Pal Gamping,4.5
75,57,Tugu Pal Gamping,4.5
157,57,Tugu Pal Gamping,4.5
111,57,Tugu Pal Gamping,4.5
118,57,Tugu Pal Gamping,4.5
12,6,Ngejaman Godean,5
142,6,Ngejaman Godean,5
26,6,Ngejaman Godean,5
32,6,Ngejaman Godean,5
51,6,Ngejaman Godean,5
145,56,JOGLO JOSS,5
28,56,JOGLO JOSS,5
15,56,JOGLO JOSS,5
109,56,JOGLO JOSS,5
74,56,JOGLO JOSS,5
76,53,Omah Rombeng,5
13,53,Omah Rombeng,5
30,53,Omah Rombeng,5
134,53,Omah Rombeng,5
137,53,Omah Rombeng,5
44,55,SENDANG PLEMPOH,4.8
193,55,SENDANG PLEMPOH,4.8
127,55,SENDANG PLEMPOH,4.8
137,55,SENDANG PLEMPOH,4.8
176,55,SENDANG PLEMPOH,4.8
123,42,DUSUN POYAHAN (ꦥꦺꦴꦪꦃꦲꦤ꧀) SELOHARJO PUNDONG BANTUL,4.6
128,42,DUSUN POYAHAN (ꦥꦺꦴꦪꦃꦲꦤ꧀) SELOHARJO PUNDONG BANTUL,4.6
88,42,DUSUN POYAHAN (ꦥꦺꦴꦪꦃꦲꦤ꧀) SELOHARJO PUNDONG BANTUL,4.6
148,42,DUSUN POYAHAN (ꦥꦺꦴꦪꦃꦲꦤ꧀) SELOHARJO PUNDONG BANTUL,4.6
77,42,DUSUN POYAHAN (ꦥꦺꦴꦪꦃꦲꦤ꧀) SELOHARJO PUNDONG BANTUL,4.6
126,52,Panggung Krapyak,4.6
57,52,Panggung Krapyak,4.6
107,52,Panggung Krapyak,4.6
196,52,Panggung Krapyak,4.6
59,52,Panggung Krapyak,4.6
83,16,"Oud Sléman , Bekas Jembatan KA "" Spoorbrug "" Yogyakarta-Secang",4.4
175,16,"Oud Sléman , Bekas Jembatan KA "" Spoorbrug "" Yogyakarta-Secang",4.4
38,16,"Oud Sléman , Bekas Jembatan KA "" Spoorbrug "" Yogyakarta-Secang",4.4
180,16,"Oud Sléman , Bekas Jembatan KA "" Spoorbrug "" Yogyakarta-Secang",4.4
160,16,"Oud Sléman , Bekas Jembatan KA "" Spoorbrug "" Yogyakarta-Secang",4.4
22,60,Bundaran Srandakan,4.4
116,60,Bundaran Srandakan,4.4
159,60,Bundaran Srandakan,4.4
117,60,Bundaran Srandakan,4.4
37,60,Bundaran Srandakan,4.4
128,13,Patung Sapi,4.4
94,13,Patung Sapi,4.4
109,13,Patung Sapi,4.4
135,13,Patung Sapi,4.4
138,13,Patung Sapi,4.4
102,2,Tugu Jogja,4.8
102,2,Tugu Jogja,4.8
118,2,Tugu Jogja,4.8
51,2,Tugu Jogja,4.8
96,2,Tugu Jogja,4.8
193,0,Candi Prambanan,4.7
190,0,Candi Prambanan,4.7
44,0,Candi Prambanan,4.7
35,0,Candi Prambanan,4.7
149,0,Candi Prambanan,4.7
148,0,Candi Prambanan,4.7
128,0,Candi Prambanan,4.7
63,0,Candi Prambanan,4.7
2,0,Candi Prambanan,4.7
147,0,Candi Prambanan,4.7
98,0,Candi Prambanan,4.7
35,0,Candi Prambanan,4.7
1,0,Candi Prambanan,4.7
152,0,Candi Prambanan,4.7
60,0,Candi Prambanan,4.7
23,0,Candi Prambanan,4.7
117,0,Candi Prambanan,4.7
175,0,Candi Prambanan,4.7
149,0,Candi Prambanan,4.7
120,0,Candi Prambanan,4.7
120,0,Candi Prambanan,4.7
110,0,Candi Prambanan,4.7
157,0,Candi Prambanan,4.7
78,0,Candi Prambanan,4.7
138,0,Candi Prambanan,4.7
148,0,Candi Prambanan,4.7
167,0,Candi Prambanan,4.7
165,0,Candi Prambanan,4.7
160,0,Candi Prambanan,4.7
124,0,Candi Prambanan,4.7
120,0,Candi Prambanan,4.7
147,0,Candi Prambanan,4.7
20,0,Candi Prambanan,4.7
166,0,Candi Prambanan,4.7
151,0,Candi Prambanan,4.7
81,0,Candi Prambanan,4.7
115,0,Candi Prambanan,4.7
84,0,Candi Prambanan,4.7
119,0,Candi Prambanan,4.7
176,0,Candi Prambanan,4.7
172,0,Candi Prambanan,4.7
181,0,Candi Prambanan,4.7
188,0,Candi Prambanan,4.7
31,0,Candi Prambanan,4.7
50,0,Candi Prambanan,4.7
94,0,Candi Prambanan,4.7
156,0,Candi Prambanan,4.7
112,0,Candi Prambanan,4.7
75,0,Candi Prambanan,4.7
142,0,Candi Prambanan,4.7
145,0,Candi Prambanan,4.7
60,0,Candi Prambanan,4.7
144,0,Candi Prambanan,4.7
144,0,Candi Prambanan,4.7
53,0,Candi Prambanan,4.7
183,0,Candi Prambanan,4.7
108,0,Candi Prambanan,4.7
47,0,Candi Prambanan,4.7
162,0,Candi Prambanan,4.7
121,0,Candi Prambanan,4.7
76,0,Candi Prambanan,4.7
7,0,Candi Prambanan,4.7
162,0,Candi Prambanan,4.7
133,0,Candi Prambanan,4.7
31,0,Candi Prambanan,4.7
11,0,Candi Prambanan,4.7
1,0,Candi Prambanan,4.7
2,0,Candi Prambanan,4.7
92,0,Candi Prambanan,4.7
114,0,Candi Prambanan,4.7
20,0,Candi Prambanan,4.7
174,0,Candi Prambanan,4.7
183,0,Candi Prambanan,4.7
81,0,Candi Prambanan,4.7
36,0,Candi Prambanan,4.7
155,0,Candi Prambanan,4.7
41,0,Candi Prambanan,4.7
135,0,Candi Prambanan,4.7
186,0,Candi Prambanan,4.7
140,0,Candi Prambanan,4.7
197,0,Candi Prambanan,4.7
156,0,Candi Prambanan,4.7
163,0,Candi Prambanan,4.7
168,0,Candi Prambanan,4.7
171,0,Candi Prambanan,4.7
184,0,Candi Prambanan,4.7
45,0,Candi Prambanan,4.7
139,0,Candi Prambanan,4.7
158,0,Candi Prambanan,4.7
73,0,Candi Prambanan,4.7
101,1,Bukit Pangul,4.5
61,1,Bukit Pangul,4.5
120,1,Bukit Pangul,4.5
106,1,Bukit Pangul,4.5
174,1,Bukit Pangul,4.5
166,3,Edum Park Tegaldowo,4.5
54,3,Edum Park Tegaldowo,4.5
89,3,Edum Park Tegaldowo,4.5
78,3,Edum Park Tegaldowo,4.5
186,3,Edum Park Tegaldowo,4.5
197,58,Taman Kearifan UGM,4.6
100,58,Taman Kearifan UGM,4.6
192,58,Taman Kearifan UGM,4.6
189,58,Taman Kearifan UGM,4.6
1,58,Taman Kearifan UGM,4.6
131,21,PLERET BEDOG,4.4
135,21,PLERET BEDOG,4.4
24,21,PLERET BEDOG,4.4
75,21,PLERET BEDOG,4.4
38,21,PLERET BEDOG,4.4
145,39,Taman Wisata Donowarih (ꦠꦩꦤ꧀ꦮꦶꦱꦠꦣꦺꦴꦤꦺꦴꦮꦫꦶꦃ),4.4
184,39,Taman Wisata Donowarih (ꦠꦩꦤ꧀ꦮꦶꦱꦠꦣꦺꦴꦤꦺꦴꦮꦫꦶꦃ),4.4
17,39,Taman Wisata Donowarih (ꦠꦩꦤ꧀ꦮꦶꦱꦠꦣꦺꦴꦤꦺꦴꦮꦫꦶꦃ),4.4
102,39,Taman Wisata Donowarih (ꦠꦩꦤ꧀ꦮꦶꦱꦠꦣꦺꦴꦤꦺꦴꦮꦫꦶꦃ),4.4
31,39,Taman Wisata Donowarih (ꦠꦩꦤ꧀ꦮꦶꦱꦠꦣꦺꦴꦤꦺꦴꦮꦫꦶꦃ),4.4
61,3,Edum Park Tegaldowo,4.5
89,3,Edum Park Tegaldowo,4.5
58,3,Edum Park Tegaldowo,4.5
87,3,Edum Park Tegaldowo,4.5
93,3,Edum Park Tegaldowo,4.5
44,29,Melati Aji Garden 2,5
166,29,Melati Aji Garden 2,5
43,29,Melati Aji Garden 2,5
21,29,Melati Aji Garden 2,5
40,24,Taman Kedung Ngancar,4.7
61,24,Taman Kedung Ngancar,4.7
71,24,Taman Kedung Ngancar,4.7
43,24,Taman Kedung Ngancar,4.7
143,24,Taman Kedung Ngancar,4.7
134,28,Perempatan pundong,4.5
134,28,Perempatan pundong,4.5
101,37,Grand Puri Water Park,4.2
135,37,Grand Puri Water Park,4.2
18,37,Grand Puri Water Park,4.2
115,37,Grand Puri Water Park,4.2
146,37,Grand Puri Water Park,4.2
41,44,Sindu Kusuma Edupark (SKE),4.2
155,44,Sindu Kusuma Edupark (SKE),4.2
70,44,Sindu Kusuma Edupark (SKE),4.2
87,44,Sindu Kusuma Edupark (SKE),4.2
108,44,Sindu Kusuma Edupark (SKE),4.2
76,60,Bundaran Srandakan,4.4
193,60,Bundaran Srandakan,4.4
73,60,Bundaran Srandakan,4.4
149,60,Bundaran Srandakan,4.4
63,60,Bundaran Srandakan,4.4
62,8,Taman Kota Wonosari,4.7
105,8,Taman Kota Wonosari,4.7
78,8,Taman Kota Wonosari,4.7
127,8,Taman Kota Wonosari,4.7
189,8,Taman Kota Wonosari,4.7
44,44,Sindu Kusuma Edupark (SKE),4.2
44,44,Sindu Kusuma Edupark (SKE),4.2
154,44,Sindu Kusuma Edupark (SKE),4.2
94,44,Sindu Kusuma Edupark (SKE),4.2
156,44,Sindu Kusuma Edupark (SKE),4.2
30,50,Kali Bedog,3.8
200,50,Kali Bedog,3.8
173,50,Kali Bedog,3.8
113,50,Kali Bedog,3.8
64,50,Kali Bedog,3.8
36,14,River Side House,5
45,14,River Side House,5
66,18,Sumberan River View,5
118,18,Sumberan River View,5
141,18,Sumberan River View,5
103,46,Riverside Javanese Cottages,4.5
52,46,Riverside Javanese Cottages,4.5
138,46,Riverside Javanese Cottages,4.5
98,46,Riverside Javanese Cottages,4.5
92,46,Riverside Javanese Cottages,4.5
149,45,Polaman River Tubing,4.6
29,45,Polaman River Tubing,4.6
49,45,Polaman River Tubing,4.6
11,45,Polaman River Tubing,4.6
8,45,Polaman River Tubing,4.6
68,22,Potrobayan River Camp ( Wisata camping jogja ),4.6
83,22,Potrobayan River Camp ( Wisata camping jogja ),4.6
46,22,Potrobayan River Camp ( Wisata camping jogja ),4.6
129,22,Potrobayan River Camp ( Wisata camping jogja ),4.6
170,22,Potrobayan River Camp ( Wisata camping jogja ),4.6
16,4,Kali Silayon,4
12,9,Selokan Mataram,4.4
2,9,Selokan Mataram,4.4
187,9,Selokan Mataram,4.4
75,9,Selokan Mataram,4.4
88,9,Selokan Mataram,4.4
177,10,Jembatan Kretek 2,4.7
121,10,Jembatan Kretek 2,4.7
153,10,Jembatan Kretek 2,4.7
2,10,Jembatan Kretek 2,4.7
33,10,Jembatan Kretek 2,4.7
173,5,Puntuk Butak,5
104,5,Puntuk Butak,5
97,5,Puntuk Butak,5
175,5,Puntuk Butak,5
6,5,Puntuk Butak,5
188,59,Gunung Patuk,4.5
159,59,Gunung Patuk,4.5
124,59,Gunung Patuk,4.5
65,59,Gunung Patuk,4.5
57,54,Gunung Butak,5
2,54,Gunung Butak,5
60,54,Gunung Butak,5
101,54,Gunung Butak,5
153,38,Gunung Wungkal,4.8
93,38,Gunung Wungkal,4.8
104,38,Gunung Wungkal,4.8
162,38,Gunung Wungkal,4.8
19,38,Gunung Wungkal,4.8
114,59,Gunung Patuk,4.5
91,59,Gunung Patuk,4.5
97,59,Gunung Patuk,4.5
4,59,Gunung Patuk,4.5
50,59,Gunung Patuk,4.5
107,59,Gunung Patuk,4.5
93,59,Gunung Patuk,4.5
70,59,Gunung Patuk,4.5
87,59,Gunung Patuk,4.5
100,59,Gunung Patuk,4.5
137,59,Gunung Patuk,4.5
146,59,Gunung Patuk,4.5
151,15,Gunung Butak,5
27,59,Gunung Patuk,4.5
129,59,Gunung Patuk,4.5
2,59,Gunung Patuk,4.5
76,59,Gunung Patuk,4.5
71,157,Agro Tainment Wisata Kampung Markisa,5
120,345,Agro Tainment Wisata Kampung Markisa,5
12,294,Agro Tainment Wisata Kampung Markisa,5
67,599,Agro Tainment Wisata Kampung Markisa,5
168,163,BANYU WIYOSO DAGEN (Kolam Ikan),5
173,602,BANYU WIYOSO DAGEN (Kolam Ikan),5
87,573,BANYU WIYOSO DAGEN (Kolam Ikan),5
103,489,Bendhung Lepen,4.7
189,531,Bendungan Irigasi Jalan Samas,5
59,286,Bukit Kleresede,4
167,81,Bukit Kleresede,4
175,341,Bukit Kleresede,4
51,499,Bukit Kleresede,4
189,567,Bukit Kleresede,4
152,600,Bukit Kleresede,4
168,262,Candi Donotirto,4.5
73,571,Cepuri Parangkusumo,4.4
24,180,Cepuri Parangkusumo,4.4
35,248,Cepuri Parangkusumo,4.4
101,104,Cluster Budaya Kampung Wisata Rejowinangun,5
102,472,Curug Banyunibo,4.2
150,101,Curug Banyunibo,4.2
99,106,Curug Pulosari,3.9
96,83,Curug Pulosari,3.9
68,266,Curug Pulosari,3.9
136,188,DESA WISATA BANGKRUNGAN,5
184,243,DESA WISATA BANGKRUNGAN,5
25,274,DINO Adventure,4.2
125,454,DINO Adventure,4.2
115,171,DINO Adventure,4.2
178,283,DINO Adventure,4.2
21,155,"Desa Wisata ""Bedog Ilir""",5
197,223,"Desa Wisata ""Bedog Ilir""",5
100,394,"Desa Wisata ""Bedog Ilir""",5
195,267,Desa Wisata Brayut,4.5
75,485,Desa Wisata Fauna Ketingan,5
82,280,Desa Wisata Fauna Ketingan,5
25,250,Desa Wisata Fauna Ketingan,5
19,488,Desa Wisata Gerabah Kasongan Bantul,3
42,332,Desa Wisata Gerabah Kasongan Bantul,3
160,348,Desa Wisata Jipangan,4.5
56,282,Desa Wisata Jipangan,4.5
86,120,Desa Wisata Jipangan,4.5
179,417,Desa Wisata Jipangan,4.5
82,386,Desa Wisata Kalakijo,4.4
132,438,Desa Wisata Kalakijo,4.4
51,522,Desa Wisata Kalakijo,4.4
20,80,Desa Wisata Kalakijo,4.4
177,443,Desa Wisata Kalakijo,4.4
95,359,Desa Wisata Kalakijo,4.4
193,327,Desa Wisata Kalakijo,4.4
191,619,Desa Wisata Kalakijo,4.4
2,482,Desa Wisata Kalakijo,4.4
129,391,Desa Wisata Kalakijo,4.4
190,310,Desa Wisata Kalakijo,4.4
131,615,Desa Wisata Kalakijo,4.4
124,102,Desa Wisata Lopati,4.2
83,306,Desa Wisata Lopati,4.2
62,421,Desa Wisata Lopati,4.2
77,403,Desa Wisata Lopati,4.2
3,533,Desa Wisata Lopati,4.2
30,154,Desa Wisata Lopati,4.2
27,437,Desa Wisata Lopati,4.2
160,275,Desa Wisata Lopati,4.2
186,389,Desa Wisata Nogosari,4.4
144,109,Desa Wisata Nogosari,4.4
135,252,Desa Wisata Nogosari,4.4
60,96,Desa Wisata Nogosari,4.4
164,209,Desa Wisata Nogosari,4.4
86,549,Desa Wisata Nogosari,4.4
38,346,Desa Wisata PUTON,4.1
59,385,Desa Wisata PUTON,4.1
148,611,Desa Wisata PUTON,4.1
87,566,Desa Wisata PUTON,4.1
138,519,Desa Wisata PUTON,4.1
143,70,Desa Wisata PUTON,4.1
65,316,Desa Wisata PUTON,4.1
72,100,Desa Wisata PUTON,4.1
177,407,Desa Wisata PUTON,4.1
179,205,Desa Wisata PUTON,4.1
189,167,Desa Wisata PUTON,4.1
29,303,Desa Wisata PUTON,4.1
17,118,Desa Wisata PUTON,4.1
110,273,Desa Wisata PUTON,4.1
53,377,Desa Wisata PUTON,4.1
17,343,Desa Wisata PUTON,4.1
132,550,Desa Wisata PUTON,4.1
86,618,Desa Wisata PUTON,4.1
51,479,Desa Wisata PUTON,4.1
42,458,Desa Wisata PUTON,4.1
34,176,Desa Wisata PUTON,4.1
77,400,Desa Wisata Pendidikan dan Ketahanan Pangan Dukuh,4.4
49,164,Desa Wisata Pendidikan dan Ketahanan Pangan Dukuh,4.4
145,254,Desa Wisata Pendidikan dan Ketahanan Pangan Dukuh,4.4
131,622,Desa Wisata Pendidikan dan Ketahanan Pangan Dukuh,4.4
160,598,Desa Wisata Sidoakur,4.2
62,395,Desa Wisata Sidoakur,4.2
28,601,Desa Wisata Sidoakur,4.2
124,208,Desa Wisata Sidoakur,4.2
26,447,Desa Wisata Sidoakur,4.2
109,298,Desa Wisata Sungai Code Jogja Kota,4.8
156,569,Desa Wisata Sungai Code Jogja Kota,4.8
160,69,Desa Wisata Sungai Code Jogja Kota,4.8
196,579,Desa Wisata Sungai Code Jogja Kota,4.8
51,387,Desa Wisata Sungai Code Jogja Kota,4.8
37,392,Desa Wisata Sungai Code Jogja Kota,4.8
67,477,Desa Wisata Sungai Code Jogja Kota,4.8
108,425,Desa Wisata Sungai Code Jogja Kota,4.8
190,299,Desa Wisata Sungai Code Jogja Kota,4.8
145,568,Desa Wisata Sungai Code Jogja Kota,4.8
26,484,Desa Wisata Sungai Code Jogja Kota,4.8
72,487,Desa Wisata Sungai Code Jogja Kota,4.8
62,449,Dewi Suba,4.3
32,430,Dewi Suba,4.3
139,349,Dewi Suba,4.3
138,576,Dewi Suba,4.3
168,371,Dusun Babakan,5
162,264,Dusun Babakan,5
189,170,Embung Langensari,4.3
104,308,Embung Langensari,4.3
52,560,Embung Langensari,4.3
187,182,Embung Langensari,4.3
190,461,Embung Langensari,4.3
193,384,Embung Langensari,4.3
170,610,Embung Langensari,4.3
154,263,Embung Langensari,4.3
76,474,Embung Langensari,4.3
2,439,Embung Langensari,4.3
173,108,Embung Langensari,4.3
105,86,Embung Langensari,4.3
20,609,Embung Langensari,4.3
24,68,Embung Langensari,4.3
113,134,Embung Langensari,4.3
182,604,GROJOGAN TANJUNG WINONGO CULTURAL PARK,4.3
92,459,GROJOGAN TANJUNG WINONGO CULTURAL PARK,4.3
94,224,GROJOGAN TANJUNG WINONGO CULTURAL PARK,4.3
180,595,GROJOGAN TANJUNG WINONGO CULTURAL PARK,4.3
125,141,GROJOGAN TANJUNG WINONGO CULTURAL PARK,4.3
164,93,GROJOGAN TANJUNG WINONGO CULTURAL PARK,4.3
36,564,GROJOGAN TANJUNG WINONGO CULTURAL PARK,4.3
69,559,GROJOGAN TANJUNG WINONGO CULTURAL PARK,4.3
1,420,Gedung Agung Yogyakarta,4.7
138,493,Gerbang Progo,5
179,344,Gerbang Progo,5
45,603,Gerbang Progo,5
5,125,Gerbang Progo,5
91,159,Gerbang Progo,5
136,251,Gerbang Progo,5
16,116,Gerbang Progo,5
10,334,Gerbang Progo,5
129,259,Gerbang Progo,5
39,419,Gerbang Progo,5
131,119,Gerbang Progo,5
125,374,Gerbang Progo,5
150,617,Griya Abhipraya Yogyakarta,5
34,534,Griya Abhipraya Yogyakarta,5
70,165,Griya Abhipraya Yogyakarta,5
2,362,Griya Abhipraya Yogyakarta,5
198,92,Griya Abhipraya Yogyakarta,5
93,324,Griya Abhipraya Yogyakarta,5
79,193,Griya Abhipraya Yogyakarta,5
17,480,Griya Abhipraya Yogyakarta,5
120,261,Griya Abhipraya Yogyakarta,5
134,245,Griya Abhipraya Yogyakarta,5
41,271,Griya Abhipraya Yogyakarta,5
56,202,Griya Abhipraya Yogyakarta,5
151,168,Griya Wisata Tour Organizer,5
151,117,Griya Wisata Tour Organizer,5
179,555,Gua Jepang,4.4
119,230,Gua Jepang,4.4
106,337,Gua Jepang,4.4
6,142,Gumuk Pasir Parangkusumo,4.5
33,233,Jeep Wisata Gumuk Pasir,4.6
148,512,Jurang Pulosari,4
117,65,Jurang Pulosari,4
30,614,Jurang Pulosari,4
159,301,Jurang Pulosari,4
40,265,Jurang Pulosari,4
21,287,Jurang Pulosari,4
78,25,Kampung Flory Jogja,4.2
29,25,Kampung Flory Jogja,4.2
179,320,Kampung Lampion Code 18,4.3
162,507,Kampung Lampion Code 18,4.3
73,427,Kampung Lampion Code 18,4.3
85,195,Kampung Lampion Code 18,4.3
15,578,Kampung Lampion Code 18,4.3
111,323,Kampung Lampion Code 18,4.3
172,197,Kampung Lampion Code 18,4.3
194,189,Kampung Lampion Code 18,4.3
50,350,Kampung Wisata Basen,4.3
156,128,Kampung Wisata Basen,4.3
76,539,Kampung Wisata Basen,4.3
126,483,Kampung Wisata Basen,4.3
121,292,Kampung Wisata Basen,4.3
186,147,Kampung Wisata Basen,4.3
125,84,Kampung Wisata Basen,4.3
98,541,Kampung Wisata Basen,4.3
164,198,Kampung Wisata Dewa Bronto,5
169,228,Kampung Wisata Dewa Bronto,5
189,448,Kampung Wisata Dewa Bronto,5
103,404,Kampung Wisata Dewa Bronto,5
104,444,Kampung Wisata Prenggan Kotagede,5
82,276,Kampung Wisata Prenggan Kotagede,5
83,629,Kampung Wisata Prenggan Kotagede,5
48,340,Kampung Wisata Prenggan Kotagede,5
173,75,Kampung Wisata Rejowinangun,4.5
54,113,Kampung Wisata Rejowinangun,4.5
35,406,Kampung Wisata Rejowinangun,4.5
126,139,Kampung Wisata Remboko,4.8
136,272,Kampung Wisata Remboko,4.8
93,628,Kampung Wisata Remboko,4.8
17,451,Kampung Wisata Remboko,4.8
1,191,Kampung Wisata Remboko,4.8
92,401,Kampung Wisata Remboko,4.8
57,502,Kampung Wisata Remboko,4.8
59,90,Kampung Wisata Sayidan,4.9
184,87,Kampung Wisata Sayidan,4.9
34,336,Kampung Wisata Sayidan,4.9
93,597,Kampung Wisata Sayidan,4.9
76,64,Kampung Wisata Sayidan,4.9
108,122,Kampung Wisata Sayidan,4.9
29,457,Kampung Wisata Sayidan,4.9
148,594,Kampung Wisata Sayidan,4.9
6,376,Kampung Wisata Sonjo Kampung Menayu,4.4
59,393,Kampung Wisata Sonjo Kampung Menayu,4.4
13,318,Kampung Wisata Sonjo Kampung Menayu,4.4
69,575,Kampung Wisata Sonjo Kampung Menayu,4.4
50,156,Kampung Wisata Sonjo Kampung Menayu,4.4
164,352,Kampung Wisata Sosromenduran,4.1
17,433,Kampung Wisata Sosromenduran,4.1
194,390,Kampung Wisata Sosromenduran,4.1
129,596,Kampung Wisata Sosromenduran,4.1
124,388,Kampung Wisata Sosromenduran,4.1
172,605,Kampung Wisata Sosromenduran,4.1
119,220,Kampung Wisata Sosromenduran,4.1
141,256,Kampung Wisata Sosromenduran,4.1
46,110,Kampung Wisata Sosromenduran,4.1
123,523,Kampung Wisata Sosromenduran,4.1
118,418,Kampung Wisata Sosromenduran,4.1
77,288,Kampung Wisata Sosromenduran,4.1
120,304,Kampung Wisata Surokarsan Sura Amerta,4.8
44,124,Kampung Wisata Surokarsan Sura Amerta,4.8
32,169,Kampung Wisata Surokarsan Sura Amerta,4.8
7,545,Kampung Wisata Surokarsan Sura Amerta,4.8
177,353,Kampung Wisata Surokarsan Sura Amerta,4.8
185,321,Kampung Wisata Surokarsan Sura Amerta,4.8
137,367,Kampung Wisata Surokarsan Sura Amerta,4.8
149,330,Kampung Wisata Surokarsan Sura Amerta,4.8
82,268,Kampung Wisata Surokarsan Sura Amerta,4.8
54,289,Kampung Wisata Surokarsan Sura Amerta,4.8
70,442,Kampung Wisata Surokarsan Sura Amerta,4.8
118,137,Kampung Wisata Surokarsan Sura Amerta,4.8
140,581,Kampung Wisata Surokarsan Sura Amerta,4.8
151,524,Kampung Wisata Surokarsan Sura Amerta,4.8
57,200,Kampung Wisata Surokarsan Sura Amerta,4.8
60,79,Kampung Wisata Tahunan,5
64,501,Kampung Wisata Warungboto,4.9
161,476,Kampung Wisata Warungboto,4.9
168,465,Kampung Wisata Warungboto,4.9
144,284,Kawasan Wisata Banjaran,4.7
32,311,Kawasan Wisata Banjaran,4.7
104,129,Kawasan Wisata Banjaran,4.7
162,89,Kawasan Wisata Banjaran,4.7
123,562,Kawasan Wisata Banjaran,4.7
156,94,Kawasan Wisata Banjaran,4.7
21,325,Klenteng Poncowinatan,4.5
67,146,Konservasi Penyu Samas (Reispirasi),4.5
137,103,Konservasi Penyu Samas (Reispirasi),4.5
43,62,Konservasi Penyu Samas (Reispirasi),4.5
137,257,Konservasi Penyu Samas (Reispirasi),4.5
61,435,Konservasi Penyu Samas (Reispirasi),4.5
169,625,Lorong Cemara,4.6
103,490,Lorong Cemara,4.6
145,305,Lorong Cemara,4.6
74,133,Lukis Wajah Jogja,5
112,219,Lukis Wajah Jogja,5
118,543,Lukis Wajah Jogja,5
89,150,Lukis Wajah Jogja,5
11,426,MALIOBORO JOGJA,4.8
47,467,MALIOBORO JOGJA,4.8
181,218,MALIOBORO JOGJA,4.8
195,210,MALIOBORO JOGJA,4.8
10,616,MALIOBORO JOGJA,4.8
82,30,MUSEUM BANTUL MASA BELANDA,4.2
21,30,MUSEUM BANTUL MASA BELANDA,4.2
169,30,MUSEUM BANTUL MASA BELANDA,4.2
73,30,MUSEUM BANTUL MASA BELANDA,4.2
47,358,Malioboro Yogyakarta Indonesia,4.9
125,606,Malioboro Yogyakarta Indonesia,4.9
200,514,Malioboro Yogyakarta Indonesia,4.9
35,464,Malioboro Yogyakarta Indonesia,4.9
190,184,Malioboro Yogyakarta Indonesia,4.9
150,160,Mangrove Baros,4.4
132,207,Menara Suar Samas,4.8
68,235,Menara Suar Samas,4.8
130,61,Menara Suar Samas,4.8
145,253,Menara Suar Samas,4.8
82,315,Menara Suar Samas,4.8
29,627,Menara Suar Samas,4.8
128,612,Menara Suar Samas,4.8
58,158,Menara Suar Samas,4.8
103,498,Monumen Loko Diesel Bima Kunthing,4.3
131,462,Monumen Loko Diesel Bima Kunthing,4.3
135,217,Monumen Loko Diesel Bima Kunthing,4.3
29,206,Monumen Loko Diesel Bima Kunthing,4.3
97,583,Monumen Loko Diesel Bima Kunthing,4.3
55,309,Monumen Loko Diesel Bima Kunthing,4.3
121,494,Monumen Loko Diesel Bima Kunthing,4.3
35,553,Monumen Loko Diesel Bima Kunthing,4.3
38,414,Monumen Loko Diesel Bima Kunthing,4.3
147,249,Monumen Loko Diesel Bima Kunthing,4.3
156,236,Muara Sungai Opak,4.4
52,526,Muara Sungai Opak,4.4
138,607,Museum Rumah Garuda,4.7
20,527,Museum Rumah Garuda,4.7
161,246,Museum Rumah Garuda,4.7
2,373,Ndalem Jogonegaran,4.5
24,360,Ndalem Jogonegaran,4.5
81,364,Ngantru Dam Kamijoro,4.2
169,557,Ngrompang Hill,5
102,492,Omah Kecebong,4.4
129,497,Omah Kecebong,4.4
12,411,Omah Kecebong,4.4
187,232,Omah Nglaras Bantul,4.9
100,183,Omah Nglaras Bantul,4.9
94,99,Omah Nglaras Bantul,4.9
82,161,Omah Nglaras Bantul,4.9
143,445,Omah Nglaras Bantul,4.9
102,535,Omah Nglaras Bantul,4.9
82,547,PT. OUTREKK TOUR TRAVEL,5
108,105,PT. OUTREKK TOUR TRAVEL,5
134,518,PT. OUTREKK TOUR TRAVEL,5
158,368,PT. OUTREKK TOUR TRAVEL,5
30,269,Padang Rumput Dewi Kajii,5
103,199,Padang Rumput Dewi Kajii,5
189,532,Padang Rumput Dewi Kajii,5
48,136,Padang Rumput Dewi Kajii,5
59,508,Pantai Cemara Sewu,4.5
51,548,Pantai Cemara Sewu,4.5
30,135,Pantai Cemara Sewu,4.5
171,542,Pantai Cemara Sewu,4.5
28,333,Pantai Cemara Sewu,4.5
60,496,Pantai Cemara Sewu,4.5
105,409,Pantai Cemara Sewu,4.5
195,201,Pantai Cemara Sewu,4.5
163,470,Pantai Cemara Udang,4.3
86,552,Pantai Cemara Udang,4.3
43,453,Pantai Cemara Udang,4.3
180,620,Pantai Cemara Udang,4.3
2,244,Pantai Dewaruci Bantul,4.3
58,130,Pantai Dewaruci Bantul,4.3
74,181,Pantai Dewaruci Bantul,4.3
179,370,Pantai Patihan,4.3
89,544,Pantai Patihan,4.3
52,178,Pantai Segoro Kidul,4.5
151,322,Pantai Segoro Kidul,4.5
6,307,Pantai Tall Wolu,4.6
21,214,Pantai Tall Wolu,4.6
142,396,Pantai pelangi,5
171,107,Pantai pelangi,5
90,551,Pantai pelangi,5
165,186,Pantai pelangi,5
193,148,Pantai pelangi,5
158,149,Pasar Sore Malioboro,4.6
144,466,Pasar Sore Malioboro,4.6
97,143,Patung Orang Merenung depan Hotel Mutiara,5
51,293,Patung Orang Merenung depan Hotel Mutiara,5
50,339,Perengan Park,4.2
76,506,Perengan Park,4.2
193,589,Perengan Park,4.2
69,372,Perengan Park,4.2
80,574,Perengan Park,4.2
122,511,Perengan Park,4.2
111,516,Pesona Desa Wisata Gerabah Kasongan Yogyakarta,4.5
183,234,Plengkung Gading,4.6
185,613,Plengkung Gading,4.6
60,495,Plengkung Gading,4.6
149,281,Plengkung Gading,4.6
69,319,Pojok Benteng Kulon,4.5
31,415,Pojok Benteng Kulon,4.5
31,525,Pojok Benteng Kulon,4.5
20,185,Pule Hills View-Wellness Village of Yogyakarta,4.6
5,112,Sasana Tirta Kembaran,5
18,591,Sasana Tirta Kembaran,5
18,412,Sasana Tirta Kembaran,5
54,592,Sasana Tirta Kembaran,5
3,77,Sekretariat Desa Wisata Suryatman Danurejan Yogyakarta,5
67,7,Sendang Ngajaran,4.5
133,7,Sendang Ngajaran,4.5
156,7,Sendang Ngajaran,4.5
109,7,Sendang Ngajaran,4.5
63,7,Sendang Ngajaran,4.5
155,7,Sendang Ngajaran,4.5
143,7,Sendang Ngajaran,4.5
149,7,Sendang Ngajaran,4.5
150,7,Sendang Ngajaran,4.5
152,7,Sendang Ngajaran,4.5
187,7,Sendang Ngajaran,4.5
164,7,Sendang Ngajaran,4.5
81,428,Sendang Ngembel,3.8
173,231,Sendang Ngembel,3.8
109,85,Sendang Ngembel,3.8
51,331,Sendang Ngembel,3.8
32,468,Sendang Ngembel,3.8
115,450,Sendang Ngembel,3.8
115,475,Sendang Ngembel,3.8
165,179,Sendang Ngembel,3.8
152,227,Sendang Payungan,4.3
106,383,Sendang Payungan,4.3
200,510,Sendang Payungan,4.3
184,152,Sendang Payungan,4.3
11,162,Sendang Payungan,4.3
13,177,Sendang Payungan,4.3
118,71,Sendang Payungan,4.3
141,608,Sendang Payungan,4.3
135,410,Sendang Payungan,4.3
94,111,Sendang Payungan,4.3
88,380,Sendang Payungan,4.3
31,460,Sendang Payungan,4.3
89,577,Sidomoyo Farm,4.6
152,355,Sidomoyo Farm,4.6
141,572,Sidomoyo Farm,4.6
136,456,Sidomoyo Farm,4.6
62,151,Sidomoyo Farm,4.6
83,436,Sidomoyo Farm,4.6
45,241,Sidomoyo Farm,4.6
157,580,Sunset Beach Bantul,4.3
134,554,Sunset Beach Bantul,4.3
64,513,Sunset Beach Bantul,4.3
161,366,Sunset Beach Bantul,4.3
134,258,Sunset Beach Bantul,4.3
159,354,Sunset Beach Bantul,4.3
117,473,Sunset Beach Bantul,4.3
174,623,Sunset Beach Bantul,4.3
61,440,Surokempor Team,5
79,279,Surokempor Team,5
134,317,TKL Ecopark - Taman Kyai Langgeng - Tempat Wisata Magelang,4.3
123,153,TKL Ecopark - Taman Kyai Langgeng - Tempat Wisata Magelang,4.3
149,365,TPR Parangtritis,2.5
88,478,TUGU BINTANG DUSUN NYAMPLUNG,5
157,174,Taman Opak Zoo,4.3
119,72,Taman Opak Zoo,4.3
136,242,Taman Opak Zoo,4.3
21,563,Taman Opak Zoo,4.3
31,97,Taman Opak Zoo,4.3
3,565,Taman Opak Zoo,4.3
94,446,Taman Opak Zoo,4.3
184,434,Taman Opak Zoo,4.3
71,538,Taman Tino Sidin,4.7
75,431,Taman Tino Sidin,4.7
129,463,"Taman Wisata Pelem Golek, Oude Kalkoven Toren bij Tirtomartani",4.3
196,469,"Taman Wisata Pelem Golek, Oude Kalkoven Toren bij Tirtomartani",4.3
115,296,"Taman Wisata Pelem Golek, Oude Kalkoven Toren bij Tirtomartani",4.3
137,452,Taman Wisata Sungai,4.2
168,587,Taman Wisata Sungai,4.2
1,432,Taman Wisata Sungai,4.2
151,504,Taman Wisata Sungai,4.2
146,172,Taman Wisata Sungai,4.2
169,429,Taman Wisata Sungai,4.2
185,621,Tirta Opak,4.5
14,196,Tirta Opak,4.5
123,338,Tirta Opak,4.5
6,546,Toko Semlidut - Oleh Oleh Jogja,4.8
37,138,Toko Semlidut - Oleh Oleh Jogja,4.8
149,297,Toko Semlidut - Oleh Oleh Jogja,4.8
12,455,Ujung Landasan Pantai Depok,4.6
150,192,Ujung Landasan Pantai Depok,4.6
60,225,Ujung Landasan Pantai Depok,4.6
125,302,View Pemandangan Sawah Kweden,5
171,123,View Pemandangan Sawah Kweden,5
42,229,View Pemandangan Sawah Kweden,5
175,115,View Pemandangan Sawah Kweden,5
121,624,Waterpark voucher,5
13,540,Waterpark voucher,5
80,357,West Lagoon,4.2
15,626,West Lagoon,4.2
60,216,West Lagoon,4.2
15,593,Wisata Alam Bukit Rembulan,3
92,73,Wisata Alam Watu Amben,4.4
73,240,Wisata Alam Watu Amben,4.4
159,375,Wisata Bukit Platar,4.3
194,222,Wisata Bukit Platar,4.3
58,503,Wisata Bukit Platar,4.3
155,277,Wisata Bukit Platar,4.3
67,91,Wisata Kali Oya,4.5
157,78,Wisata Kali Oya,4.5
40,517,Wisata Kali Oya,4.5
59,290,Wisata Kali Oya,4.5
155,126,Wisata Kali Oya,4.5
54,335,Wisata Kali Oya,4.5
119,213,Wisata Kano Banjoe Adji,5
46,351,Wisata Kano Banjoe Adji,5
8,166,Wisata Kano Banjoe Adji,5
20,528,Wisata Kano Banjoe Adji,5
31,570,Wisata Kebun Poktan Welan Asri Petinggen,5
23,255,Wisata Kebun Poktan Welan Asri Petinggen,5
169,398,Wisata Kedung Ngancar,4.5
72,300,Wisata Kedung Ngancar,4.5
103,215,Wisata Kedung Ngancar,4.5
3,98,Wisata Kedung Ngancar,4.5
79,88,Wisata Kedung Ngancar,4.5
160,211,Wisata Kedung Ngancar,4.5
109,260,Wisata Kedung Ngancar,4.5
42,556,Wisata Kedung Ngancar,4.5
15,584,Wisata Kedung Ngancar,4.5
40,295,Wisata Kedung Ngancar,4.5
79,422,Wisata Kedung Ngancar,4.5
67,114,Wisata Kedung Ngancar,4.5
82,121,Wisata Kedung Ngancar,4.5
141,509,Wisata Kedung Ngancar,4.5
37,212,Wisata Kedung Ngancar,4.5
64,173,Wisata Kedung Ngancar,4.5
177,313,Wisata Kedung Ngancar,4.5
115,399,Wisata Kedung Ngancar,4.5
132,500,Wisata Kedung Ngancar,4.5
72,145,Wisata Kedung Ngancar,4.5
83,424,Wisata Kedung Ngancar,4.5
171,423,Wisata Mancing Dam Pijenan,5
45,585,Wisata Mancing Dam Pijenan,5
188,515,Wisata Mangunan,4.7
59,588,Wisata Mangunan,4.7
117,132,Wisata Mangunan,4.7
19,521,Wisata Mangunan,4.7
92,356,Wisata Religi Rumah Hantu,2.7
104,239,Wisata Religi Rumah Hantu,2.7
151,416,Wisata Religi Rumah Hantu,2.7
129,363,Wisata Religi Rumah Hantu,2.7
109,95,Wisata Religi Rumah Hantu,2.7
18,413,Wisata Religi Rumah Hantu,2.7
151,529,Wisata Sobo Papringan,4.5
133,127,Wisata Sobo Papringan,4.5
112,247,Wisata Sobo Papringan,4.5
79,203,Wisata Sobo Papringan,4.5
29,175,Wisata Sobo Papringan,4.5
24,481,Wisata Sobo Papringan,4.5
135,382,Wisata kali klanduan,5
118,270,Wisata kali klanduan,5
150,586,Wisata kali klanduan,5
73,537,Wisata kali klanduan,5
132,530,Wisata kali klanduan,5
127,226,Yogyakarta Night Tours - Meeting Point Klasik : Historical Walking and Food Tour,4.9
24,378,Yogyakarta Night Tours - Meeting Point Klasik : Historical Walking and Food Tour,4.9
168,285,Yogyakarta Night Tours - Meeting Point Klasik : Historical Walking and Food Tour,4.9
129,347,Yogyakarta Night Tours - Meeting Point Klasik : Historical Walking and Food Tour,4.9
96,558,Yogyakarta Night Tours - Meeting Point Klasik : Historical Walking and Food Tour,4.9
97,237,Yogyakarta Night Tours - Meeting Point Klasik : Historical Walking and Food Tour,4.9
44,582,Yogyakarta Night Tours - Meeting Point Klasik : Historical Walking and Food Tour,4.9
137,204,kaliklangsi eco_edupark,4.8
64,326,kaliklangsi eco_edupark,4.8
115,342,wisata ikan gajahwong,4.9
41,82,wisata ikan gajahwong,4.9
162,314,wisata ikan gajahwong,4.9
9,144,wisata ikan gajahwong,4.9
15,291,wisata trisik,4.3
62,402,wisata trisik,4.3
73,190,wisata trisik,4.3
67,63,Kampoeng Cyber,5
128,381,Tourism Village Pandeyan,4.7
131,131,Wisata sungai gajah wong,5
186,590,sungai himasepta,5
189,194,Soko Tunggal Mosque,4.8
191,312,Wisata Lava Tour,4.7
154,278,Vredeburg Museum,4.6
185,74,"Sonobudoyo Museum, Unit II",4.8
160,221,Cluster Kerajinan Blangkon Kampung Wisata Rejowinangun,0
50,486,House of Chocolate Monggo & Gelato Tirtodipuran,4.7
78,405,Kelompok ternak ikan Margoagung,0
170,561,Pancuran Sempor ( wisata Religi),5
151,238,Desa Wisata Kelor,4.5
99,140,Wisata Kedung Aren(Í¶ÆÍ¶∂Í¶±Í¶†Í¶èÍ¶ºÍ¶£Í¶∏Í¶ÅÍ¶ÑÍ¶´Í¶∫Í¶§ÍßÄ),4.8
52,536,Tourism Village Srowolan,4.3
72,67,Semar Planggok Statue,4.6
86,408,Desa Wisata Jamur (Í¶£Í¶∫Í¶±Í¶ÆÍ¶∂Í¶±Í¶†Í¶óÍ¶©Í¶∏Í¶Ç),4.3
30,361,Area/lakasi Outbond Dan Camping Ground Desa Wisata Grogol,4.5
188,379,Desa Wisata Edukasi Omah Jamu,5
126,66,Jatirejo Village Tour : Local Life Discovery,5
43,491,Embung Bulak Buntung,3.5
55,187,Wisata Bojong Asri,4.7
192,505,Jogja Jetski Adventure,4.7
115,441,Wisata jeepgreen gumuk pasir X,5
193,329,Glagah Indah Beach,4.4
194,397,Wana wisata mangrove Pasir Mendit Jangkaran,0
118,471,Maju Lestari Mangrove,3.9
102,520,Wisata Alam Kedung Banteng,4.3
139,369,Kampung Wisata Edukasi Kawasan Kalibiru,0
3,76,Wisata durian,0
66,328,Gunung Pecok,4.4
